[
  {
    "person": {
      "interests": [
        "Reading",
        "squealing when doggos walk past",
        "code",
        "whistling harry potter badly"
      ],
      "username": "anatdean"
    }
  },
  {
    "person": {
      "interests": [
        "reading",
        "fussing the cat",
        "gaming",
        "coding",
        "staring blanky in space"
      ],
      "username": "popcorn"
    }
  },
  {
    "person": {
      "interests": [
        "comfort eating",
        "code",
        "needlessly quoting poetry",
        "the rm -rf command",
        "armchair activism"
      ],
      "username": "icellusedkars"
    }
  },
  {
    "person": {
      "interests": [
        "Climbing",
        "Skating",
        "4 hour youtube holes about future African engineering projects"
      ],
      "username": "tomosim"
    }
  },
  {
    "person": {
      "interests": [
        "live music",
        "cooking",
        "travelling",
        "annoying my colleagues"
      ],
      "username": "ziziou91"
    }
  },
  {
    "person": {
      "interests": [
        "coding",
        "gaming",
        "double lunches",
        "brazilian jiu jitsu",
        "living of past glory"
      ],
      "username": "P-Copley"
    }
  },
  {
    "person": {
      "interests": [
        "food",
        "drink",
        "code",
        "marquee",
        "fantasy football",
        "actual football"
      ],
      "username": "rogersop"
    }
  },
  {
    "person": {
      "interests": [
        "Theatre",
        "Reading",
        "Scrabble",
        "pretending I know more about JavaScript than I actually do"
      ],
      "username": "MissMallion"
    }
  },
  {
    "person": {
      "interests": [
        "tudor anthems",
        "smashing laptops",
        "typing loudly",
        "coding",
        "annoying my colleagues",
        "dancing queen"
      ],
      "username": "dedekind561"
    }
  },
  {
    "person": {
      "interests": [
        "contemporary metaphysics",
        "cosmology",
        "writing semi-archaic JavaScript",
        "hiking",
        "painting watercolours"
      ],
      "username": "RuthYMNg"
    }
  }
]