[
  {
    "firstName": "sunee",
    "lastName": "misra",
    "img_url": "",
    "job": {
      "workplace": "northcoders",
      "team": "Classroom",
      "title": "Lecturer"
    },
    "username": "sunneeeee"
  },
  {
    "firstName": "Shaq",
    "lastName": "Hobbs",
    "img_url": "",
    "job": {
      "workplace": "northcoders",
      "team": "Classroom",
      "title": "Lecturer"
    },
    "username": "shaqattack"
  },
  {
    "firstName": "Steph",
    "lastName": "Slater",
    "img_url": "https://res.cloudinary.com/http-northcoders-com/image/upload/v1525190774/Steph_Sqaure_rlxgul.jpg",
    "job": {
      "workplace": "northcoders",
      "team": "Talent & Partnerships",
      "title": "Talent & Partnerships Coordinator"
    },
    "username": ""
  },
  {
    "firstName": "Haz",
    "lastName": "Mallion",
    "img_url": "",
    "job": {
      "workplace": "northcoders",
      "team": "Classroom",
      "title": "Community Manager"
    },
    "username": "MissMallion"
  },
  {
    "firstName": "Vel",
    "lastName": "Georgieva",
    "img_url": "",
    "job": {
      "workplace": "northcoders",
      "team": "Classroom",
      "title": "Mentor"
    },
    "username": "popcorn"
  },
  {
    "firstName": "Tom",
    "lastName": "Simmons",
    "img_url": "",
    "job": {
      "workplace": "northcoders",
      "team": "Classroom",
      "title": "Mentor"
    },
    "username": "tomosim"
  },
  {
    "firstName": "Lucy",
    "lastName": "Adams",
    "img_url": "https://info.northcoders.com/hubfs/Lucy.jpg",
    "job": {
      "workplace": "northcoders",
      "team": "Growth",
      "title": "Growth Executive"
    },
    "username": ""
  },
  {
    "firstName": "Mitchell",
    "lastName": "Lloyd",
    "img_url": "https://cdn2.hubspot.net/hubfs/3489321/Photos/Staff%20Photos/Mitch_Sqaure.jpg",
    "job": {
      "team": "Classroom",
      "title": "Block Lead",
      "workplace": "northcoders"
    },
    "username": "dedekind561"
  },
  {
    "firstName": "Sam",
    "lastName": "Caine",
    "img_url": "",
    "job": {
      "workplace": "northcoders",
      "team": "Classroom",
      "title": "Head of Classroom"
    },
    "username": "icellusedkars"
  },
  {
    "firstName": "Anat",
    "lastName": "Dean",
    "img_url": "",
    "job": {
      "workplace": "northcoders",
      "team": "Classroom",
      "title": "Block Lead"
    },
    "username": "anatdean"
  },
  {
    "firstName": "Ruth",
    "lastName": "Ng",
    "img_url": "https://info.northcoders.com/hubfs/Photos/Staff%20Photos/Ruth_Sqaure.jpg",
    "job": {
      "workplace": "northcoders",
      "team": "Growth",
      "title": "Head of Growth"
    },
    "username": "RuthYMNg"
  },
  {
    "firstName": "Paul",
    "lastName": "Rogerson",
    "img_url": "",
    "job": {
      "workplace": "northcoders",
      "team": "Classroom",
      "title": "Block Lead"
    },
    "username": "rogersop"
  },
  {
    "firstName": "Paul",
    "lastName": "Copley",
    "img_url": "",
    "job": {
      "workplace": "northcoders",
      "team": "Classroom",
      "title": "Block Lead"
    },
    "username": "P-Copley"
  },
  {
    "firstName": "Josh",
    "lastName": "Gray",
    "img_url": "",
    "job": {
      "workplace": "northcoders",
      "team": "Onboarding",
      "title": "Mentor"
    },
    "username": "ziziou91"
  },
  {
    "firstName": "Mauro",
    "lastName": "Gestoso",
    "image_url": "",
    "job": {
      "workplace": "northcoders",
      "title": "tutor",
      "team": "left"
    },
    "username": "mmmauro"
  }
]
